[
  {
    "dealer": {
      "cards": [
        "QD",
        "9C"
      ],
      "sum": 19
    },
    "players": [
      {
        "hands": [
          {
            "hand_id": 1,
            "cards": [
              "AD",
              "QC"
            ],
            "sum": 21,
            "outcome": "Blackjack"
          }
        ]
      }
    ]
  },
  {
    "dealer": {
      "cards": [
        "6D",
        "2S",
        "4C",
        "3H",
        "3D"
      ],
      "sum": 18
    },
    "players": [
      {
        "hands": [
          {
            "hand_id": 1,
            "cards": [
              "3C",
              "JC",
              "AH",
              "AD"
            ],
            "sum": 15,
            "outcome": "Lost"
          }
        ]
      }
    ]
  },
  {
    "dealer": {
      "cards": [
        "4H",
        "3H",
        "9S",
        "QS"
      ],
      "sum": 26
    },
    "players": [
      {
        "hands": [
          {
            "hand_id": 1,
            "cards": [
              "XH",
              "QC"
            ],
            "sum": 20,
            "outcome": "Won"
          }
        ]
      }
    ]
  },
  {
    "dealer": {
      "cards": [
        "6D",
        "JC",
        "7D"
      ],
      "sum": 23
    },
    "players": [
      {
        "hands": [
          {
            "hand_id": 1,
            "cards": [
              "3D",
              "KS",
              "3S"
            ],
            "sum": 16,
            "outcome": "Won"
          }
        ]
      }
    ]
  },
  {
    "dealer": {
      "cards": [
        "7D",
        "8H",
        "XS"
      ],
      "sum": 25
    },
    "players": [
      {
        "hands": [
          {
            "hand_id": 1,
            "cards": [
              "XH",
              "8H"
            ],
            "sum": 18,
            "outcome": "Won"
          }
        ]
      }
    ]
  },
  {
    "dealer": {
      "cards": [
        "KH",
        "AH"
      ],
      "sum": 21
    },
    "players": [
      {
        "hands": [
          {
            "hand_id": 1,
            "cards": [
              "JD",
              "7S"
            ],
            "sum": 17,
            "outcome": "Lost"
          }
        ]
      }
    ]
  },
  {
    "dealer": {
      "cards": [
        "2H",
        "JC",
        "4C",
        "5C"
      ],
      "sum": 21
    },
    "players": [
      {
        "hands": [
          {
            "hand_id": 1,
            "cards": [
              "KC",
              "AH"
            ],
            "sum": 21,
            "outcome": "Blackjack"
          }
        ]
      }
    ]
  },
  {
    "dealer": {
      "cards": [
        "XC",
        "AD"
      ],
      "sum": 21
    },
    "players": [
      {
        "hands": [
          {
            "hand_id": 1,
            "cards": [
              "4S",
              "7D"
            ],
            "sum": 11,
            "outcome": "Lost"
          }
        ]
      }
    ]
  },
  {
    "dealer": {
      "cards": [
        "8S",
        "5D",
        "AD",
        "KS"
      ],
      "sum": 24
    },
    "players": [
      {
        "hands": [
          {
            "hand_id": 1,
            "cards": [
              "QS",
              "9D"
            ],
            "sum": 19,
            "outcome": "Won"
          }
        ]
      }
    ]
  },
  {
    "dealer": {
      "cards": [
        "6H",
        "5H",
        "XC"
      ],
      "sum": 21
    },
    "players": [
      {
        "hands": [
          {
            "hand_id": 1,
            "cards": [
              "6S",
              "XS"
            ],
            "sum": 16,
            "outcome": "Lost"
          },
          {
            "hand_id": 2,
            "cards": [
              "6C",
              "8D",
              "5C"
            ],
            "sum": 19,
            "outcome": "Lost"
          }
        ]
      }
    ]
  },
  {
    "dealer": {
      "cards": [
        "8C",
        "4D",
        "2D",
        "9H"
      ],
      "sum": 23
    },
    "players": [
      {
        "hands": [
          {
            "hand_id": 1,
            "cards": [
              "7H",
              "XH",
              "KD"
            ],
            "sum": 27,
            "outcome": "Lost"
          }
        ]
      }
    ]
  },
  {
    "dealer": {
      "cards": [
        "QD",
        "6C",
        "QH"
      ],
      "sum": 26
    },
    "players": [
      {
        "hands": [
          {
            "hand_id": 1,
            "cards": [
              "2S",
              "7C",
              "8C",
              "JS"
            ],
            "sum": 27,
            "outcome": "Lost"
          }
        ]
      }
    ]
  },
  {
    "dealer": {
      "cards": [
        "5H",
        "7H",
        "8D"
      ],
      "sum": 20
    },
    "players": [
      {
        "hands": [
          {
            "hand_id": 1,
            "cards": [
              "JH",
              "2D",
              "AS",
              "2S"
            ],
            "sum": 15,
            "outcome": "Lost"
          }
        ]
      }
    ]
  },
  {
    "dealer": {
      "cards": [
        "2D",
        "9S",
        "QD"
      ],
      "sum": 21
    },
    "players": [
      {
        "hands": [
          {
            "hand_id": 1,
            "cards": [
              "JS",
              "6H"
            ],
            "sum": 16,
            "outcome": "Lost"
          }
        ]
      }
    ]
  },
  {
    "dealer": {
      "cards": [
        "5D",
        "4C",
        "8D"
      ],
      "sum": 17
    },
    "players": [
      {
        "hands": [
          {
            "hand_id": 1,
            "cards": [
              "XD",
              "4D",
              "9D"
            ],
            "sum": 23,
            "outcome": "Lost"
          }
        ]
      }
    ]
  },
  {
    "dealer": {
      "cards": [
        "KS",
        "QH"
      ],
      "sum": 20
    },
    "players": [
      {
        "hands": [
          {
            "hand_id": 1,
            "cards": [
              "AS",
              "7H",
              "6C",
              "9D"
            ],
            "sum": 23,
            "outcome": "Lost"
          }
        ]
      }
    ]
  },
  {
    "dealer": {
      "cards": [
        "3C",
        "9C",
        "AS",
        "2S",
        "7H"
      ],
      "sum": 22
    },
    "players": [
      {
        "hands": [
          {
            "hand_id": 1,
            "cards": [
              "2H",
              "8D",
              "KS"
            ],
            "sum": 20,
            "outcome": "Won"
          }
        ]
      }
    ]
  },
  {
    "dealer": {
      "cards": [
        "AD",
        "3S",
        "6S"
      ],
      "sum": 20
    },
    "players": [
      {
        "hands": [
          {
            "hand_id": 1,
            "cards": [
              "4S",
              "XH",
              "9S"
            ],
            "sum": 23,
            "outcome": "Lost"
          }
        ]
      }
    ]
  },
  {
    "dealer": {
      "cards": [
        "AD",
        "XH"
      ],
      "sum": 21
    },
    "players": [
      {
        "hands": [
          {
            "hand_id": 1,
            "cards": [
              "8D",
              "XH"
            ],
            "sum": 18,
            "outcome": "Lost"
          }
        ]
      }
    ]
  },
  {
    "dealer": {
      "cards": [
        "XH",
        "JS"
      ],
      "sum": 20
    },
    "players": [
      {
        "hands": [
          {
            "hand_id": 1,
            "cards": [
              "2S",
              "AH",
              "AS",
              "KD",
              "9S"
            ],
            "sum": 23,
            "outcome": "Lost"
          }
        ]
      }
    ]
  },
  {
    "dealer": {
      "cards": [
        "5H",
        "8C",
        "5H"
      ],
      "sum": 18
    },
    "players": [
      {
        "hands": [
          {
            "hand_id": 1,
            "cards": [
              "XD",
              "9C"
            ],
            "sum": 19,
            "outcome": "Won"
          }
        ]
      }
    ]
  },
  {
    "dealer": {
      "cards": [
        "8S",
        "JC"
      ],
      "sum": 18
    },
    "players": [
      {
        "hands": [
          {
            "hand_id": 1,
            "cards": [
              "KS",
              "3S",
              "6H"
            ],
            "sum": 19,
            "outcome": "Won"
          }
        ]
      }
    ]
  },
  {
    "dealer": {
      "cards": [
        "KD",
        "XH"
      ],
      "sum": 20
    },
    "players": [
      {
        "hands": [
          {
            "hand_id": 1,
            "cards": [
              "JD",
              "6H"
            ],
            "sum": 16,
            "outcome": "Lost"
          }
        ]
      }
    ]
  },
  {
    "dealer": {
      "cards": [
        "2C",
        "7S",
        "KH"
      ],
      "sum": 19
    },
    "players": [
      {
        "hands": [
          {
            "hand_id": 1,
            "cards": [
              "JH",
              "6D"
            ],
            "sum": 16,
            "outcome": "Lost"
          }
        ]
      }
    ]
  },
  {
    "dealer": {
      "cards": [
        "3H",
        "JD",
        "5C"
      ],
      "sum": 18
    },
    "players": [
      {
        "hands": [
          {
            "hand_id": 1,
            "cards": [
              "XH",
              "4H",
              "8S"
            ],
            "sum": 22,
            "outcome": "Lost"
          }
        ]
      }
    ]
  },
  {
    "dealer": {
      "cards": [
        "5S",
        "XC",
        "6C"
      ],
      "sum": 21
    },
    "players": [
      {
        "hands": [
          {
            "hand_id": 1,
            "cards": [
              "JD",
              "8D"
            ],
            "sum": 18,
            "outcome": "Lost"
          }
        ]
      }
    ]
  },
  {
    "dealer": {
      "cards": [
        "7H",
        "8D",
        "3D"
      ],
      "sum": 18
    },
    "players": [
      {
        "hands": [
          {
            "hand_id": 1,
            "cards": [
              "7D",
              "JH"
            ],
            "sum": 17,
            "outcome": "Lost"
          }
        ]
      }
    ]
  },
  {
    "dealer": {
      "cards": [
        "5C",
        "7S",
        "3D",
        "5C"
      ],
      "sum": 20
    },
    "players": [
      {
        "hands": [
          {
            "hand_id": 1,
            "cards": [
              "9C",
              "KH"
            ],
            "sum": 19,
            "outcome": "Lost"
          }
        ]
      }
    ]
  },
  {
    "dealer": {
      "cards": [
        "5C",
        "7S",
        "9D"
      ],
      "sum": 21
    },
    "players": [
      {
        "hands": [
          {
            "hand_id": 1,
            "cards": [
              "AH",
              "9C"
            ],
            "sum": 20,
            "outcome": "Lost"
          }
        ]
      }
    ]
  },
  {
    "dealer": {
      "cards": [
        "9D",
        "AS"
      ],
      "sum": 20
    },
    "players": [
      {
        "hands": [
          {
            "hand_id": 1,
            "cards": [
              "4S",
              "JH",
              "5S"
            ],
            "sum": 19,
            "outcome": "Lost"
          }
        ]
      }
    ]
  },
  {
    "dealer": {
      "cards": [
        "2D",
        "2D",
        "7C",
        "KC"
      ],
      "sum": 21
    },
    "players": [
      {
        "hands": [
          {
            "hand_id": 1,
            "cards": [
              "4D",
              "QH"
            ],
            "sum": 14,
            "outcome": "Lost"
          }
        ]
      }
    ]
  },
  {
    "dealer": {
      "cards": [
        "4H",
        "XH",
        "AS",
        "XS"
      ],
      "sum": 25
    },
    "players": [
      {
        "hands": [
          {
            "hand_id": 1,
            "cards": [
              "6C",
              "9H",
              "4C"
            ],
            "sum": 19,
            "outcome": "Won"
          }
        ]
      }
    ]
  },
  {
    "dealer": {
      "cards": [
        "AH",
        "KC"
      ],
      "sum": 21
    },
    "players": [
      {
        "hands": [
          {
            "hand_id": 1,
            "cards": [
              "6S",
              "JS"
            ],
            "sum": 16,
            "outcome": "Lost"
          }
        ]
      }
    ]
  },
  {
    "dealer": {
      "cards": [
        "AS",
        "JH"
      ],
      "sum": 21
    },
    "players": [
      {
        "hands": [
          {
            "hand_id": 1,
            "cards": [
              "3S",
              "3C"
            ],
            "sum": 6,
            "outcome": "Lost"
          }
        ]
      }
    ]
  },
  {
    "dealer": {
      "cards": [
        "2H",
        "6H",
        "XS"
      ],
      "sum": 18
    },
    "players": [
      {
        "hands": [
          {
            "hand_id": 1,
            "cards": [
              "XH",
              "9C"
            ],
            "sum": 19,
            "outcome": "Won"
          }
        ]
      }
    ]
  },
  {
    "dealer": {
      "cards": [
        "AC",
        "2D",
        "KH",
        "JH"
      ],
      "sum": 23
    },
    "players": [
      {
        "hands": [
          {
            "hand_id": 1,
            "cards": [
              "AH",
              "9D"
            ],
            "sum": 20,
            "outcome": "Won"
          }
        ]
      }
    ]
  },
  {
    "dealer": {
      "cards": [
        "QS",
        "XS"
      ],
      "sum": 20
    },
    "players": [
      {
        "hands": [
          {
            "hand_id": 1,
            "cards": [
              "5C",
              "QS",
              "2C"
            ],
            "sum": 17,
            "outcome": "Lost"
          }
        ]
      }
    ]
  },
  {
    "dealer": {
      "cards": [
        "AC",
        "9H"
      ],
      "sum": 20
    },
    "players": [
      {
        "hands": [
          {
            "hand_id": 1,
            "cards": [
              "6D",
              "7S",
              "8S"
            ],
            "sum": 21,
            "outcome": "Won"
          }
        ]
      }
    ]
  },
  {
    "dealer": {
      "cards": [
        "7H",
        "9S",
        "JS"
      ],
      "sum": 26
    },
    "players": [
      {
        "hands": [
          {
            "hand_id": 1,
            "cards": [
              "3S",
              "7C",
              "8D"
            ],
            "sum": 18,
            "outcome": "Won"
          }
        ]
      }
    ]
  },
  {
    "dealer": {
      "cards": [
        "8S",
        "9D"
      ],
      "sum": 17
    },
    "players": [
      {
        "hands": [
          {
            "hand_id": 1,
            "cards": [
              "XS",
              "7C"
            ],
            "sum": 17,
            "outcome": "Push"
          }
        ]
      }
    ]
  },
  {
    "dealer": {
      "cards": [
        "2C",
        "8D",
        "6H",
        "QD"
      ],
      "sum": 26
    },
    "players": [
      {
        "hands": [
          {
            "hand_id": 1,
            "cards": [
              "QH",
              "6S"
            ],
            "sum": 16,
            "outcome": "Won"
          }
        ]
      }
    ]
  },
  {
    "dealer": {
      "cards": [
        "6D",
        "XS",
        "5C"
      ],
      "sum": 21
    },
    "players": [
      {
        "hands": [
          {
            "hand_id": 1,
            "cards": [
              "2D",
              "3H",
              "8H",
              "KD"
            ],
            "sum": 23,
            "outcome": "Lost"
          }
        ]
      }
    ]
  },
  {
    "dealer": {
      "cards": [
        "XC",
        "3D",
        "2C",
        "7S"
      ],
      "sum": 22
    },
    "players": [
      {
        "hands": [
          {
            "hand_id": 1,
            "cards": [
              "AH",
              "JC"
            ],
            "sum": 21,
            "outcome": "Blackjack"
          }
        ]
      }
    ]
  },
  {
    "dealer": {
      "cards": [
        "KH",
        "AH"
      ],
      "sum": 21
    },
    "players": [
      {
        "hands": [
          {
            "hand_id": 1,
            "cards": [
              "AH",
              "JH"
            ],
            "sum": 21,
            "outcome": "Push"
          }
        ]
      }
    ]
  },
  {
    "dealer": {
      "cards": [
        "6C",
        "3S",
        "4S",
        "KD"
      ],
      "sum": 23
    },
    "players": [
      {
        "hands": [
          {
            "hand_id": 1,
            "cards": [
              "4D",
              "KC"
            ],
            "sum": 14,
            "outcome": "Won"
          }
        ]
      }
    ]
  },
  {
    "dealer": {
      "cards": [
        "5S",
        "5D",
        "8C"
      ],
      "sum": 18
    },
    "players": [
      {
        "hands": [
          {
            "hand_id": 1,
            "cards": [
              "4D",
              "QD",
              "2D"
            ],
            "sum": 16,
            "outcome": "Lost"
          }
        ]
      }
    ]
  },
  {
    "dealer": {
      "cards": [
        "3D",
        "4H",
        "AS"
      ],
      "sum": 18
    },
    "players": [
      {
        "hands": [
          {
            "hand_id": 1,
            "cards": [
              "2S",
              "QS",
              "2D",
              "7S"
            ],
            "sum": 21,
            "outcome": "Won"
          }
        ]
      }
    ]
  },
  {
    "dealer": {
      "cards": [
        "4D",
        "3H",
        "7H",
        "7C"
      ],
      "sum": 21
    },
    "players": [
      {
        "hands": [
          {
            "hand_id": 1,
            "cards": [
              "3S",
              "6C",
              "4C",
              "6D"
            ],
            "sum": 19,
            "outcome": "Lost"
          }
        ]
      }
    ]
  },
  {
    "dealer": {
      "cards": [
        "6S",
        "6H",
        "XS"
      ],
      "sum": 22
    },
    "players": [
      {
        "hands": [
          {
            "hand_id": 1,
            "cards": [
              "AC",
              "5C",
              "6S",
              "4C"
            ],
            "sum": 16,
            "outcome": "Won"
          }
        ]
      }
    ]
  },
  {
    "dealer": {
      "cards": [
        "5S",
        "8C",
        "6D"
      ],
      "sum": 19
    },
    "players": [
      {
        "hands": [
          {
            "hand_id": 1,
            "cards": [
              "9S",
              "KS"
            ],
            "sum": 19,
            "outcome": "Push"
          }
        ]
      }
    ]
  },
  {
    "dealer": {
      "cards": [
        "QH",
        "6D",
        "8H"
      ],
      "sum": 24
    },
    "players": [
      {
        "hands": [
          {
            "hand_id": 1,
            "cards": [
              "7C",
              "3S",
              "8D"
            ],
            "sum": 18,
            "outcome": "Won"
          }
        ]
      }
    ]
  },
  {
    "dealer": {
      "cards": [
        "9S",
        "4C",
        "KS"
      ],
      "sum": 23
    },
    "players": [
      {
        "hands": [
          {
            "hand_id": 1,
            "cards": [
              "AC",
              "5H",
              "9D",
              "KC"
            ],
            "sum": 25,
            "outcome": "Lost"
          }
        ]
      }
    ]
  },
  {
    "dealer": {
      "cards": [
        "4H",
        "5H",
        "5C",
        "3H"
      ],
      "sum": 17
    },
    "players": [
      {
        "hands": [
          {
            "hand_id": 1,
            "cards": [
              "4C",
              "KD",
              "5H"
            ],
            "sum": 19,
            "outcome": "Won"
          }
        ]
      }
    ]
  },
  {
    "dealer": {
      "cards": [
        "9H",
        "JC"
      ],
      "sum": 19
    },
    "players": [
      {
        "hands": [
          {
            "hand_id": 1,
            "cards": [
              "JD",
              "6C"
            ],
            "sum": 16,
            "outcome": "Lost"
          }
        ]
      }
    ]
  },
  {
    "dealer": {
      "cards": [
        "3D",
        "8D",
        "3S",
        "KS"
      ],
      "sum": 24
    },
    "players": [
      {
        "hands": [
          {
            "hand_id": 1,
            "cards": [
              "7D",
              "2C",
              "2S",
              "8H"
            ],
            "sum": 19,
            "outcome": "Won"
          }
        ]
      }
    ]
  },
  {
    "dealer": {
      "cards": [
        "4S",
        "KC",
        "AD",
        "QC"
      ],
      "sum": 25
    },
    "players": [
      {
        "hands": [
          {
            "hand_id": 1,
            "cards": [
              "9H",
              "8S"
            ],
            "sum": 17,
            "outcome": "Won"
          }
        ]
      }
    ]
  },
  {
    "dealer": {
      "cards": [
        "QH",
        "6C",
        "KH"
      ],
      "sum": 26
    },
    "players": [
      {
        "hands": [
          {
            "hand_id": 1,
            "cards": [
              "JC",
              "AD"
            ],
            "sum": 21,
            "outcome": "Blackjack"
          }
        ]
      }
    ]
  },
  {
    "dealer": {
      "cards": [
        "2S",
        "AD",
        "XD",
        "2H",
        "KH"
      ],
      "sum": 25
    },
    "players": [
      {
        "hands": [
          {
            "hand_id": 1,
            "cards": [
              "QC",
              "XH"
            ],
            "sum": 20,
            "outcome": "Won"
          }
        ]
      }
    ]
  },
  {
    "dealer": {
      "cards": [
        "7H",
        "KD"
      ],
      "sum": 17
    },
    "players": [
      {
        "hands": [
          {
            "hand_id": 1,
            "cards": [
              "XC",
              "7D"
            ],
            "sum": 17,
            "outcome": "Push"
          }
        ]
      }
    ]
  },
  {
    "dealer": {
      "cards": [
        "7D",
        "6S",
        "7C"
      ],
      "sum": 20
    },
    "players": [
      {
        "hands": [
          {
            "hand_id": 1,
            "cards": [
              "JD",
              "AS"
            ],
            "sum": 21,
            "outcome": "Blackjack"
          }
        ]
      }
    ]
  },
  {
    "dealer": {
      "cards": [
        "AS",
        "9C"
      ],
      "sum": 20
    },
    "players": [
      {
        "hands": [
          {
            "hand_id": 1,
            "cards": [
              "KC",
              "3C",
              "4H"
            ],
            "sum": 17,
            "outcome": "Lost"
          }
        ]
      }
    ]
  },
  {
    "dealer": {
      "cards": [
        "QH",
        "5C",
        "3H"
      ],
      "sum": 18
    },
    "players": [
      {
        "hands": [
          {
            "hand_id": 1,
            "cards": [
              "8D",
              "4C",
              "9S"
            ],
            "sum": 21,
            "outcome": "Won"
          }
        ]
      }
    ]
  },
  {
    "dealer": {
      "cards": [
        "9D",
        "2H",
        "6H"
      ],
      "sum": 17
    },
    "players": [
      {
        "hands": [
          {
            "hand_id": 1,
            "cards": [
              "QC",
              "AC"
            ],
            "sum": 21,
            "outcome": "Blackjack"
          }
        ]
      }
    ]
  },
  {
    "dealer": {
      "cards": [
        "3D",
        "XD",
        "9H"
      ],
      "sum": 22
    },
    "players": [
      {
        "hands": [
          {
            "hand_id": 1,
            "cards": [
              "XC",
              "JS"
            ],
            "sum": 20,
            "outcome": "Won"
          }
        ]
      }
    ]
  },
  {
    "dealer": {
      "cards": [
        "JH",
        "JS"
      ],
      "sum": 20
    },
    "players": [
      {
        "hands": [
          {
            "hand_id": 1,
            "cards": [
              "2S",
              "6H",
              "9C"
            ],
            "sum": 17,
            "outcome": "Lost"
          }
        ]
      }
    ]
  },
  {
    "dealer": {
      "cards": [
        "8C",
        "8H",
        "7S"
      ],
      "sum": 23
    },
    "players": [
      {
        "hands": [
          {
            "hand_id": 1,
            "cards": [
              "3D",
              "8C",
              "2C",
              "AH",
              "6C"
            ],
            "sum": 20,
            "outcome": "Won"
          }
        ]
      }
    ]
  },
  {
    "dealer": {
      "cards": [
        "7C",
        "7D",
        "2S",
        "KH"
      ],
      "sum": 26
    },
    "players": [
      {
        "hands": [
          {
            "hand_id": 1,
            "cards": [
              "3C",
              "KD",
              "9S"
            ],
            "sum": 22,
            "outcome": "Lost"
          }
        ]
      }
    ]
  },
  {
    "dealer": {
      "cards": [
        "JS",
        "7H"
      ],
      "sum": 17
    },
    "players": [
      {
        "hands": [
          {
            "hand_id": 1,
            "cards": [
              "XC",
              "XH"
            ],
            "sum": 20,
            "outcome": "Won"
          }
        ]
      }
    ]
  },
  {
    "dealer": {
      "cards": [
        "6C",
        "6D",
        "7H"
      ],
      "sum": 19
    },
    "players": [
      {
        "hands": [
          {
            "hand_id": 1,
            "cards": [
              "AC",
              "QC"
            ],
            "sum": 21,
            "outcome": "Blackjack"
          }
        ]
      }
    ]
  },
  {
    "dealer": {
      "cards": [
        "4H",
        "4H",
        "QH"
      ],
      "sum": 18
    },
    "players": [
      {
        "hands": [
          {
            "hand_id": 1,
            "cards": [
              "QH",
              "9H"
            ],
            "sum": 19,
            "outcome": "Won"
          }
        ]
      }
    ]
  },
  {
    "dealer": {
      "cards": [
        "5D",
        "6S",
        "QS"
      ],
      "sum": 21
    },
    "players": [
      {
        "hands": [
          {
            "hand_id": 1,
            "cards": [
              "JS",
              "QS"
            ],
            "sum": 20,
            "outcome": "Lost"
          }
        ]
      }
    ]
  },
  {
    "dealer": {
      "cards": [
        "JH",
        "3H",
        "8S"
      ],
      "sum": 21
    },
    "players": [
      {
        "hands": [
          {
            "hand_id": 1,
            "cards": [
              "XD",
              "KC"
            ],
            "sum": 20,
            "outcome": "Lost"
          }
        ]
      }
    ]
  },
  {
    "dealer": {
      "cards": [
        "5D",
        "3C",
        "XH"
      ],
      "sum": 18
    },
    "players": [
      {
        "hands": [
          {
            "hand_id": 1,
            "cards": [
              "XH",
              "2S",
              "7S"
            ],
            "sum": 19,
            "outcome": "Won"
          }
        ]
      }
    ]
  },
  {
    "dealer": {
      "cards": [
        "2D",
        "XC",
        "QD"
      ],
      "sum": 22
    },
    "players": [
      {
        "hands": [
          {
            "hand_id": 1,
            "cards": [
              "5D",
              "JH",
              "8S"
            ],
            "sum": 23,
            "outcome": "Lost"
          }
        ]
      }
    ]
  },
  {
    "dealer": {
      "cards": [
        "QD",
        "XD"
      ],
      "sum": 20
    },
    "players": [
      {
        "hands": [
          {
            "hand_id": 1,
            "cards": [
              "9S",
              "KS"
            ],
            "sum": 19,
            "outcome": "Lost"
          }
        ]
      }
    ]
  },
  {
    "dealer": {
      "cards": [
        "5D",
        "JD",
        "JH"
      ],
      "sum": 25
    },
    "players": [
      {
        "hands": [
          {
            "hand_id": 1,
            "cards": [
              "KS",
              "8D",
              "4D"
            ],
            "sum": 22,
            "outcome": "Lost"
          }
        ]
      }
    ]
  },
  {
    "dealer": {
      "cards": [
        "2H",
        "XH",
        "9C"
      ],
      "sum": 21
    },
    "players": [
      {
        "hands": [
          {
            "hand_id": 1,
            "cards": [
              "8C",
              "JC"
            ],
            "sum": 18,
            "outcome": "Lost"
          }
        ]
      }
    ]
  },
  {
    "dealer": {
      "cards": [
        "8H",
        "8C",
        "QC"
      ],
      "sum": 26
    },
    "players": [
      {
        "hands": [
          {
            "hand_id": 1,
            "cards": [
              "AD",
              "7S",
              "4S",
              "4S",
              "XD"
            ],
            "sum": 26,
            "outcome": "Lost"
          }
        ]
      }
    ]
  },
  {
    "dealer": {
      "cards": [
        "3C",
        "2D",
        "2H",
        "3C",
        "7H"
      ],
      "sum": 17
    },
    "players": [
      {
        "hands": [
          {
            "hand_id": 1,
            "cards": [
              "5C",
              "KH",
              "AH",
              "4S"
            ],
            "sum": 20,
            "outcome": "Won"
          }
        ]
      }
    ]
  },
  {
    "dealer": {
      "cards": [
        "4C",
        "5H",
        "JD"
      ],
      "sum": 19
    },
    "players": [
      {
        "hands": [
          {
            "hand_id": 1,
            "cards": [
              "7D",
              "QD"
            ],
            "sum": 17,
            "outcome": "Lost"
          }
        ]
      }
    ]
  },
  {
    "dealer": {
      "cards": [
        "8S",
        "9D"
      ],
      "sum": 17
    },
    "players": [
      {
        "hands": [
          {
            "hand_id": 1,
            "cards": [
              "5S",
              "5S",
              "2H",
              "4H",
              "5H"
            ],
            "sum": 21,
            "outcome": "Won"
          }
        ]
      }
    ]
  },
  {
    "dealer": {
      "cards": [
        "KD",
        "3D",
        "9C"
      ],
      "sum": 22
    },
    "players": [
      {
        "hands": [
          {
            "hand_id": 1,
            "cards": [
              "4D",
              "5S",
              "5S",
              "KC"
            ],
            "sum": 24,
            "outcome": "Lost"
          }
        ]
      }
    ]
  },
  {
    "dealer": {
      "cards": [
        "AD",
        "6H"
      ],
      "sum": 17
    },
    "players": [
      {
        "hands": [
          {
            "hand_id": 1,
            "cards": [
              "2C",
              "5D",
              "JC"
            ],
            "sum": 17,
            "outcome": "Push"
          }
        ]
      }
    ]
  },
  {
    "dealer": {
      "cards": [
        "AS",
        "JD"
      ],
      "sum": 21
    },
    "players": [
      {
        "hands": [
          {
            "hand_id": 1,
            "cards": [
              "AD",
              "XS"
            ],
            "sum": 21,
            "outcome": "Push"
          }
        ]
      }
    ]
  },
  {
    "dealer": {
      "cards": [
        "QS",
        "JS"
      ],
      "sum": 20
    },
    "players": [
      {
        "hands": [
          {
            "hand_id": 1,
            "cards": [
              "9H",
              "AS"
            ],
            "sum": 20,
            "outcome": "Push"
          }
        ]
      }
    ]
  },
  {
    "dealer": {
      "cards": [
        "9C",
        "AS"
      ],
      "sum": 20
    },
    "players": [
      {
        "hands": [
          {
            "hand_id": 1,
            "cards": [
              "QC",
              "3C",
              "4S"
            ],
            "sum": 17,
            "outcome": "Lost"
          }
        ]
      }
    ]
  },
  {
    "dealer": {
      "cards": [
        "3H",
        "QD",
        "JD"
      ],
      "sum": 23
    },
    "players": [
      {
        "hands": [
          {
            "hand_id": 1,
            "cards": [
              "7D",
              "6S",
              "9D"
            ],
            "sum": 22,
            "outcome": "Lost"
          }
        ]
      }
    ]
  },
  {
    "dealer": {
      "cards": [
        "8H",
        "KS"
      ],
      "sum": 18
    },
    "players": [
      {
        "hands": [
          {
            "hand_id": 1,
            "cards": [
              "XD",
              "JC"
            ],
            "sum": 20,
            "outcome": "Won"
          }
        ]
      }
    ]
  },
  {
    "dealer": {
      "cards": [
        "7C",
        "4H",
        "KC"
      ],
      "sum": 21
    },
    "players": [
      {
        "hands": [
          {
            "hand_id": 1,
            "cards": [
              "QH",
              "XS"
            ],
            "sum": 20,
            "outcome": "Lost"
          }
        ]
      }
    ]
  },
  {
    "dealer": {
      "cards": [
        "AS",
        "8C"
      ],
      "sum": 19
    },
    "players": [
      {
        "hands": [
          {
            "hand_id": 1,
            "cards": [
              "KH",
              "6D"
            ],
            "sum": 16,
            "outcome": "Lost"
          }
        ]
      }
    ]
  },
  {
    "dealer": {
      "cards": [
        "AS",
        "XS"
      ],
      "sum": 21
    },
    "players": [
      {
        "hands": [
          {
            "hand_id": 1,
            "cards": [
              "AH",
              "AC"
            ],
            "sum": 12,
            "outcome": "Lost"
          }
        ]
      }
    ]
  },
  {
    "dealer": {
      "cards": [
        "5S",
        "8S",
        "5C"
      ],
      "sum": 18
    },
    "players": [
      {
        "hands": [
          {
            "hand_id": 1,
            "cards": [
              "4S",
              "5D"
            ],
            "sum": 9,
            "outcome": "Lost"
          }
        ]
      }
    ]
  },
  {
    "dealer": {
      "cards": [
        "AC",
        "2H",
        "8D"
      ],
      "sum": 21
    },
    "players": [
      {
        "hands": [
          {
            "hand_id": 1,
            "cards": [
              "JD",
              "XH"
            ],
            "sum": 20,
            "outcome": "Lost"
          }
        ]
      }
    ]
  },
  {
    "dealer": {
      "cards": [
        "7H",
        "AD"
      ],
      "sum": 18
    },
    "players": [
      {
        "hands": [
          {
            "hand_id": 1,
            "cards": [
              "AH",
              "2H",
              "2C",
              "2H",
              "9D",
              "QS"
            ],
            "sum": 26,
            "outcome": "Lost"
          }
        ]
      }
    ]
  },
  {
    "dealer": {
      "cards": [
        "8H",
        "4D",
        "KS"
      ],
      "sum": 22
    },
    "players": [
      {
        "hands": [
          {
            "hand_id": 1,
            "cards": [
              "3S",
              "7H",
              "KH"
            ],
            "sum": 20,
            "outcome": "Won"
          }
        ]
      }
    ]
  },
  {
    "dealer": {
      "cards": [
        "8S",
        "JD"
      ],
      "sum": 18
    },
    "players": [
      {
        "hands": [
          {
            "hand_id": 1,
            "cards": [
              "KH",
              "XC"
            ],
            "sum": 20,
            "outcome": "Won"
          }
        ]
      }
    ]
  },
  {
    "dealer": {
      "cards": [
        "QS",
        "JC"
      ],
      "sum": 20
    },
    "players": [
      {
        "hands": [
          {
            "hand_id": 1,
            "cards": [
              "2S",
              "8H",
              "6C",
              "QD"
            ],
            "sum": 26,
            "outcome": "Lost"
          }
        ]
      }
    ]
  },
  {
    "dealer": {
      "cards": [
        "5H",
        "8C",
        "2S",
        "QD"
      ],
      "sum": 25
    },
    "players": [
      {
        "hands": [
          {
            "hand_id": 1,
            "cards": [
              "JS",
              "7H"
            ],
            "sum": 17,
            "outcome": "Won"
          }
        ]
      }
    ]
  },
  {
    "dealer": {
      "cards": [
        "JD",
        "7D"
      ],
      "sum": 17
    },
    "players": [
      {
        "hands": [
          {
            "hand_id": 1,
            "cards": [
              "7S",
              "5H",
              "5D"
            ],
            "sum": 17,
            "outcome": "Push"
          }
        ]
      }
    ]
  },
  {
    "dealer": {
      "cards": [
        "JC",
        "6C",
        "5C"
      ],
      "sum": 21
    },
    "players": [
      {
        "hands": [
          {
            "hand_id": 1,
            "cards": [
              "6C",
              "JH",
              "QS"
            ],
            "sum": 26,
            "outcome": "Lost"
          }
        ]
      }
    ]
  },
  {
    "dealer": {
      "cards": [
        "9S",
        "XS"
      ],
      "sum": 19
    },
    "players": [
      {
        "hands": [
          {
            "hand_id": 1,
            "cards": [
              "JH",
              "4H",
              "3C"
            ],
            "sum": 17,
            "outcome": "Lost"
          }
        ]
      }
    ]
  },
  {
    "dealer": {
      "cards": [
        "3D",
        "JC",
        "9S"
      ],
      "sum": 22
    },
    "players": [
      {
        "hands": [
          {
            "hand_id": 1,
            "cards": [
              "2D",
              "4D"
            ],
            "sum": 6,
            "outcome": "Won"
          }
        ]
      }
    ]
  },
  {
    "dealer": {
      "cards": [
        "QC",
        "6D",
        "8H"
      ],
      "sum": 24
    },
    "players": [
      {
        "hands": [
          {
            "hand_id": 1,
            "cards": [
              "XD",
              "3C"
            ],
            "sum": 13,
            "outcome": "Won"
          }
        ]
      }
    ]
  },
  {
    "dealer": {
      "cards": [
        "6S",
        "7C",
        "JH"
      ],
      "sum": 23
    },
    "players": [
      {
        "hands": [
          {
            "hand_id": 1,
            "cards": [
              "5C",
              "JH",
              "5S"
            ],
            "sum": 20,
            "outcome": "Won"
          }
        ]
      }
    ]
  },
  {
    "dealer": {
      "cards": [
        "7D",
        "9D",
        "8D"
      ],
      "sum": 24
    },
    "players": [
      {
        "hands": [
          {
            "hand_id": 1,
            "cards": [
              "KS",
              "AS"
            ],
            "sum": 21,
            "outcome": "Blackjack"
          }
        ]
      }
    ]
  },
  {
    "dealer": {
      "cards": [
        "8S",
        "KH"
      ],
      "sum": 18
    },
    "players": [
      {
        "hands": [
          {
            "hand_id": 1,
            "cards": [
              "3C",
              "QD",
              "JS"
            ],
            "sum": 23,
            "outcome": "Lost"
          }
        ]
      }
    ]
  },
  {
    "dealer": {
      "cards": [
        "9S",
        "6D",
        "5H"
      ],
      "sum": 20
    },
    "players": [
      {
        "hands": [
          {
            "hand_id": 1,
            "cards": [
              "QH",
              "XS"
            ],
            "sum": 20,
            "outcome": "Push"
          }
        ]
      }
    ]
  },
  {
    "dealer": {
      "cards": [
        "9C",
        "5S",
        "9H"
      ],
      "sum": 23
    },
    "players": [
      {
        "hands": [
          {
            "hand_id": 1,
            "cards": [
              "XC",
              "KS"
            ],
            "sum": 20,
            "outcome": "Won"
          }
        ]
      }
    ]
  },
  {
    "dealer": {
      "cards": [
        "XH",
        "XH"
      ],
      "sum": 20
    },
    "players": [
      {
        "hands": [
          {
            "hand_id": 1,
            "cards": [
              "JS",
              "AC"
            ],
            "sum": 21,
            "outcome": "Blackjack"
          }
        ]
      }
    ]
  },
  {
    "dealer": {
      "cards": [
        "KC",
        "3S",
        "QC"
      ],
      "sum": 23
    },
    "players": [
      {
        "hands": [
          {
            "hand_id": 1,
            "cards": [
              "9H",
              "KC"
            ],
            "sum": 19,
            "outcome": "Won"
          }
        ]
      }
    ]
  },
  {
    "dealer": {
      "cards": [
        "3H",
        "5H",
        "JD"
      ],
      "sum": 18
    },
    "players": [
      {
        "hands": [
          {
            "hand_id": 1,
            "cards": [
              "KS",
              "9H"
            ],
            "sum": 19,
            "outcome": "Won"
          }
        ]
      }
    ]
  },
  {
    "dealer": {
      "cards": [
        "2D",
        "4C",
        "JS",
        "5D"
      ],
      "sum": 21
    },
    "players": [
      {
        "hands": [
          {
            "hand_id": 1,
            "cards": [
              "KC",
              "QD"
            ],
            "sum": 20,
            "outcome": "Lost"
          }
        ]
      }
    ]
  },
  {
    "dealer": {
      "cards": [
        "9H",
        "QC"
      ],
      "sum": 19
    },
    "players": [
      {
        "hands": [
          {
            "hand_id": 1,
            "cards": [
              "AH",
              "KD"
            ],
            "sum": 21,
            "outcome": "Blackjack"
          }
        ]
      }
    ]
  },
  {
    "dealer": {
      "cards": [
        "QD",
        "7H"
      ],
      "sum": 17
    },
    "players": [
      {
        "hands": [
          {
            "hand_id": 1,
            "cards": [
              "2H",
              "4S",
              "3C",
              "4C"
            ],
            "sum": 13,
            "outcome": "Lost"
          }
        ]
      }
    ]
  },
  {
    "dealer": {
      "cards": [
        "8C",
        "3D",
        "8H"
      ],
      "sum": 19
    },
    "players": [
      {
        "hands": [
          {
            "hand_id": 1,
            "cards": [
              "KD",
              "XC"
            ],
            "sum": 20,
            "outcome": "Won"
          }
        ]
      }
    ]
  },
  {
    "dealer": {
      "cards": [
        "8H",
        "9D"
      ],
      "sum": 17
    },
    "players": [
      {
        "hands": [
          {
            "hand_id": 1,
            "cards": [
              "3S",
              "XD",
              "6S"
            ],
            "sum": 19,
            "outcome": "Won"
          }
        ]
      }
    ]
  },
  {
    "dealer": {
      "cards": [
        "4D",
        "2S",
        "XD",
        "6S"
      ],
      "sum": 22
    },
    "players": [
      {
        "hands": [
          {
            "hand_id": 1,
            "cards": [
              "7C",
              "4D",
              "4C",
              "QC"
            ],
            "sum": 25,
            "outcome": "Lost"
          }
        ]
      }
    ]
  },
  {
    "dealer": {
      "cards": [
        "8D",
        "8C",
        "JH"
      ],
      "sum": 26
    },
    "players": [
      {
        "hands": [
          {
            "hand_id": 1,
            "cards": [
              "XS",
              "6C",
              "QH"
            ],
            "sum": 26,
            "outcome": "Lost"
          }
        ]
      }
    ]
  },
  {
    "dealer": {
      "cards": [
        "7S",
        "3D",
        "2S",
        "6S"
      ],
      "sum": 18
    },
    "players": [
      {
        "hands": [
          {
            "hand_id": 1,
            "cards": [
              "3H",
              "5S",
              "3D",
              "2C",
              "5H"
            ],
            "sum": 18,
            "outcome": "Push"
          }
        ]
      }
    ]
  },
  {
    "dealer": {
      "cards": [
        "5C",
        "AC",
        "5D"
      ],
      "sum": 21
    },
    "players": [
      {
        "hands": [
          {
            "hand_id": 1,
            "cards": [
              "4H",
              "9H",
              "6H"
            ],
            "sum": 19,
            "outcome": "Lost"
          }
        ]
      }
    ]
  },
  {
    "dealer": {
      "cards": [
        "4S",
        "2S",
        "AC"
      ],
      "sum": 17
    },
    "players": [
      {
        "hands": [
          {
            "hand_id": 1,
            "cards": [
              "2D",
              "6C",
              "XH",
              "JD"
            ],
            "sum": 28,
            "outcome": "Lost"
          }
        ]
      }
    ]
  },
  {
    "dealer": {
      "cards": [
        "4C",
        "7H",
        "9C"
      ],
      "sum": 20
    },
    "players": [
      {
        "hands": [
          {
            "hand_id": 1,
            "cards": [
              "5H",
              "QH",
              "AD"
            ],
            "sum": 16,
            "outcome": "Lost"
          }
        ]
      }
    ]
  },
  {
    "dealer": {
      "cards": [
        "AD",
        "AS",
        "4H",
        "7S",
        "8S"
      ],
      "sum": 21
    },
    "players": [
      {
        "hands": [
          {
            "hand_id": 1,
            "cards": [
              "QS",
              "9D"
            ],
            "sum": 19,
            "outcome": "Lost"
          }
        ]
      }
    ]
  },
  {
    "dealer": {
      "cards": [
        "6C",
        "9H",
        "2S"
      ],
      "sum": 17
    },
    "players": [
      {
        "hands": [
          {
            "hand_id": 1,
            "cards": [
              "2D",
              "4D",
              "AD",
              "JS"
            ],
            "sum": 17,
            "outcome": "Push"
          }
        ]
      }
    ]
  },
  {
    "dealer": {
      "cards": [
        "KC",
        "3H",
        "KD"
      ],
      "sum": 23
    },
    "players": [
      {
        "hands": [
          {
            "hand_id": 1,
            "cards": [
              "5C",
              "9C"
            ],
            "sum": 14,
            "outcome": "Won"
          }
        ]
      }
    ]
  },
  {
    "dealer": {
      "cards": [
        "JS",
        "AH"
      ],
      "sum": 21
    },
    "players": [
      {
        "hands": [
          {
            "hand_id": 1,
            "cards": [
              "3C",
              "8S"
            ],
            "sum": 11,
            "outcome": "Lost"
          }
        ]
      }
    ]
  },
  {
    "dealer": {
      "cards": [
        "4D",
        "8C",
        "JC"
      ],
      "sum": 22
    },
    "players": [
      {
        "hands": [
          {
            "hand_id": 1,
            "cards": [
              "5S",
              "6H",
              "XC"
            ],
            "sum": 21,
            "outcome": "Won"
          }
        ]
      }
    ]
  },
  {
    "dealer": {
      "cards": [
        "QH",
        "9S"
      ],
      "sum": 19
    },
    "players": [
      {
        "hands": [
          {
            "hand_id": 1,
            "cards": [
              "JH",
              "7C"
            ],
            "sum": 17,
            "outcome": "Lost"
          }
        ]
      }
    ]
  },
  {
    "dealer": {
      "cards": [
        "QD",
        "JC"
      ],
      "sum": 20
    },
    "players": [
      {
        "hands": [
          {
            "hand_id": 1,
            "cards": [
              "KD",
              "4S",
              "6D"
            ],
            "sum": 20,
            "outcome": "Push"
          }
        ]
      }
    ]
  },
  {
    "dealer": {
      "cards": [
        "8D",
        "6D",
        "KC"
      ],
      "sum": 24
    },
    "players": [
      {
        "hands": [
          {
            "hand_id": 1,
            "cards": [
              "JC",
              "6D"
            ],
            "sum": 16,
            "outcome": "Won"
          }
        ]
      }
    ]
  },
  {
    "dealer": {
      "cards": [
        "KS",
        "XC"
      ],
      "sum": 20
    },
    "players": [
      {
        "hands": [
          {
            "hand_id": 1,
            "cards": [
              "4C",
              "9C",
              "XS"
            ],
            "sum": 23,
            "outcome": "Lost"
          }
        ]
      }
    ]
  },
  {
    "dealer": {
      "cards": [
        "QS",
        "9D"
      ],
      "sum": 19
    },
    "players": [
      {
        "hands": [
          {
            "hand_id": 1,
            "cards": [
              "8D",
              "3H",
              "AD",
              "9S"
            ],
            "sum": 21,
            "outcome": "Won"
          }
        ]
      }
    ]
  },
  {
    "dealer": {
      "cards": [
        "3C",
        "2C",
        "KH",
        "8H"
      ],
      "sum": 23
    },
    "players": [
      {
        "hands": [
          {
            "hand_id": 1,
            "cards": [
              "XH",
              "2C",
              "4H"
            ],
            "sum": 16,
            "outcome": "Won"
          }
        ]
      }
    ]
  },
  {
    "dealer": {
      "cards": [
        "5D",
        "QC",
        "7C"
      ],
      "sum": 22
    },
    "players": [
      {
        "hands": [
          {
            "hand_id": 1,
            "cards": [
              "3S",
              "6H",
              "6S"
            ],
            "sum": 15,
            "outcome": "Won"
          }
        ]
      }
    ]
  },
  {
    "dealer": {
      "cards": [
        "QS",
        "QC"
      ],
      "sum": 20
    },
    "players": [
      {
        "hands": [
          {
            "hand_id": 1,
            "cards": [
              "4S",
              "JD",
              "3S"
            ],
            "sum": 17,
            "outcome": "Lost"
          }
        ]
      }
    ]
  },
  {
    "dealer": {
      "cards": [
        "XC",
        "7D"
      ],
      "sum": 17
    },
    "players": [
      {
        "hands": [
          {
            "hand_id": 1,
            "cards": [
              "KD",
              "8D"
            ],
            "sum": 18,
            "outcome": "Won"
          }
        ]
      }
    ]
  },
  {
    "dealer": {
      "cards": [
        "5D",
        "AH",
        "2C"
      ],
      "sum": 18
    },
    "players": [
      {
        "hands": [
          {
            "hand_id": 1,
            "cards": [
              "AS",
              "KH"
            ],
            "sum": 21,
            "outcome": "Blackjack"
          }
        ]
      }
    ]
  },
  {
    "dealer": {
      "cards": [
        "4S",
        "XD",
        "AD",
        "6H"
      ],
      "sum": 21
    },
    "players": [
      {
        "hands": [
          {
            "hand_id": 1,
            "cards": [
              "3D",
              "7S",
              "7D"
            ],
            "sum": 17,
            "outcome": "Lost"
          }
        ]
      }
    ]
  },
  {
    "dealer": {
      "cards": [
        "9D",
        "9S"
      ],
      "sum": 18
    },
    "players": [
      {
        "hands": [
          {
            "hand_id": 1,
            "cards": [
              "3D",
              "4H",
              "AC"
            ],
            "sum": 18,
            "outcome": "Push"
          }
        ]
      }
    ]
  },
  {
    "dealer": {
      "cards": [
        "7D",
        "5C",
        "2H",
        "AH",
        "AS",
        "2D"
      ],
      "sum": 18
    },
    "players": [
      {
        "hands": [
          {
            "hand_id": 1,
            "cards": [
              "8S",
              "4C",
              "2D"
            ],
            "sum": 14,
            "outcome": "Lost"
          }
        ]
      }
    ]
  },
  {
    "dealer": {
      "cards": [
        "QH",
        "7C"
      ],
      "sum": 17
    },
    "players": [
      {
        "hands": [
          {
            "hand_id": 1,
            "cards": [
              "3S",
              "5S",
              "6H",
              "9C"
            ],
            "sum": 23,
            "outcome": "Lost"
          }
        ]
      }
    ]
  },
  {
    "dealer": {
      "cards": [
        "7D",
        "2C",
        "2H",
        "XD"
      ],
      "sum": 21
    },
    "players": [
      {
        "hands": [
          {
            "hand_id": 1,
            "cards": [
              "7S",
              "3H",
              "9C"
            ],
            "sum": 19,
            "outcome": "Lost"
          }
        ]
      }
    ]
  },
  {
    "dealer": {
      "cards": [
        "KS",
        "XD"
      ],
      "sum": 20
    },
    "players": [
      {
        "hands": [
          {
            "hand_id": 1,
            "cards": [
              "KD",
              "XH"
            ],
            "sum": 20,
            "outcome": "Push"
          }
        ]
      }
    ]
  },
  {
    "dealer": {
      "cards": [
        "6H",
        "7S",
        "7H"
      ],
      "sum": 20
    },
    "players": [
      {
        "hands": [
          {
            "hand_id": 1,
            "cards": [
              "6S",
              "8C",
              "3H"
            ],
            "sum": 17,
            "outcome": "Lost"
          }
        ]
      }
    ]
  },
  {
    "dealer": {
      "cards": [
        "9D",
        "6H",
        "6D"
      ],
      "sum": 21
    },
    "players": [
      {
        "hands": [
          {
            "hand_id": 1,
            "cards": [
              "8D",
              "4D",
              "8H"
            ],
            "sum": 20,
            "outcome": "Lost"
          }
        ]
      }
    ]
  },
  {
    "dealer": {
      "cards": [
        "5H",
        "3H",
        "7H",
        "XC"
      ],
      "sum": 25
    },
    "players": [
      {
        "hands": [
          {
            "hand_id": 1,
            "cards": [
              "JH",
              "3H",
              "7C"
            ],
            "sum": 20,
            "outcome": "Won"
          }
        ]
      }
    ]
  },
  {
    "dealer": {
      "cards": [
        "XD",
        "9C"
      ],
      "sum": 19
    },
    "players": [
      {
        "hands": [
          {
            "hand_id": 1,
            "cards": [
              "8S",
              "AC",
              "XD"
            ],
            "sum": 19,
            "outcome": "Push"
          }
        ]
      }
    ]
  },
  {
    "dealer": {
      "cards": [
        "6H",
        "4H",
        "9S"
      ],
      "sum": 19
    },
    "players": [
      {
        "hands": [
          {
            "hand_id": 1,
            "cards": [
              "AH",
              "QH"
            ],
            "sum": 21,
            "outcome": "Blackjack"
          }
        ]
      }
    ]
  },
  {
    "dealer": {
      "cards": [
        "AD",
        "KD"
      ],
      "sum": 21
    },
    "players": [
      {
        "hands": [
          {
            "hand_id": 1,
            "cards": [
              "XH",
              "4C"
            ],
            "sum": 14,
            "outcome": "Lost"
          }
        ]
      }
    ]
  },
  {
    "dealer": {
      "cards": [
        "6C",
        "4C",
        "9C"
      ],
      "sum": 19
    },
    "players": [
      {
        "hands": [
          {
            "hand_id": 1,
            "cards": [
              "3C",
              "QS",
              "JC"
            ],
            "sum": 23,
            "outcome": "Lost"
          }
        ]
      }
    ]
  },
  {
    "dealer": {
      "cards": [
        "8C",
        "4S",
        "QS"
      ],
      "sum": 22
    },
    "players": [
      {
        "hands": [
          {
            "hand_id": 1,
            "cards": [
              "7S",
              "8C"
            ],
            "sum": 15,
            "outcome": "Won"
          }
        ]
      }
    ]
  },
  {
    "dealer": {
      "cards": [
        "XH",
        "AD"
      ],
      "sum": 21
    },
    "players": [
      {
        "hands": [
          {
            "hand_id": 1,
            "cards": [
              "QH",
              "5S"
            ],
            "sum": 15,
            "outcome": "Lost"
          }
        ]
      }
    ]
  },
  {
    "dealer": {
      "cards": [
        "7D",
        "4D",
        "5D",
        "KH"
      ],
      "sum": 26
    },
    "players": [
      {
        "hands": [
          {
            "hand_id": 1,
            "cards": [
              "KC",
              "JC"
            ],
            "sum": 20,
            "outcome": "Won"
          }
        ]
      }
    ]
  },
  {
    "dealer": {
      "cards": [
        "8D",
        "9C"
      ],
      "sum": 17
    },
    "players": [
      {
        "hands": [
          {
            "hand_id": 1,
            "cards": [
              "6H",
              "9H",
              "AD"
            ],
            "sum": 16,
            "outcome": "Lost"
          }
        ]
      }
    ]
  },
  {
    "dealer": {
      "cards": [
        "8D",
        "7D",
        "5D"
      ],
      "sum": 20
    },
    "players": [
      {
        "hands": [
          {
            "hand_id": 1,
            "cards": [
              "7S",
              "XS"
            ],
            "sum": 17,
            "outcome": "Lost"
          }
        ]
      }
    ]
  },
  {
    "dealer": {
      "cards": [
        "JC",
        "6H",
        "3C"
      ],
      "sum": 19
    },
    "players": [
      {
        "hands": [
          {
            "hand_id": 1,
            "cards": [
              "JS",
              "5S",
              "8C"
            ],
            "sum": 23,
            "outcome": "Lost"
          }
        ]
      }
    ]
  },
  {
    "dealer": {
      "cards": [
        "4S",
        "9H",
        "5H"
      ],
      "sum": 18
    },
    "players": [
      {
        "hands": [
          {
            "hand_id": 1,
            "cards": [
              "2H",
              "8D",
              "JC"
            ],
            "sum": 20,
            "outcome": "Won"
          }
        ]
      }
    ]
  },
  {
    "dealer": {
      "cards": [
        "3H",
        "9C",
        "5S"
      ],
      "sum": 17
    },
    "players": [
      {
        "hands": [
          {
            "hand_id": 1,
            "cards": [
              "5C",
              "4D",
              "KC"
            ],
            "sum": 19,
            "outcome": "Won"
          }
        ]
      }
    ]
  },
  {
    "dealer": {
      "cards": [
        "JD",
        "KH"
      ],
      "sum": 20
    },
    "players": [
      {
        "hands": [
          {
            "hand_id": 1,
            "cards": [
              "5D",
              "2S",
              "AH"
            ],
            "sum": 18,
            "outcome": "Lost"
          }
        ]
      }
    ]
  },
  {
    "dealer": {
      "cards": [
        "4S",
        "5S",
        "XC"
      ],
      "sum": 19
    },
    "players": [
      {
        "hands": [
          {
            "hand_id": 1,
            "cards": [
              "3S",
              "8S",
              "4D"
            ],
            "sum": 15,
            "outcome": "Lost"
          }
        ]
      }
    ]
  },
  {
    "dealer": {
      "cards": [
        "KC",
        "6C",
        "8C"
      ],
      "sum": 24
    },
    "players": [
      {
        "hands": [
          {
            "hand_id": 1,
            "cards": [
              "QH",
              "AS"
            ],
            "sum": 21,
            "outcome": "Blackjack"
          }
        ]
      }
    ]
  },
  {
    "dealer": {
      "cards": [
        "7C",
        "QS"
      ],
      "sum": 17
    },
    "players": [
      {
        "hands": [
          {
            "hand_id": 1,
            "cards": [
              "KC",
              "7H"
            ],
            "sum": 17,
            "outcome": "Push"
          }
        ]
      }
    ]
  },
  {
    "dealer": {
      "cards": [
        "XS",
        "XS"
      ],
      "sum": 20
    },
    "players": [
      {
        "hands": [
          {
            "hand_id": 1,
            "cards": [
              "8S",
              "JH"
            ],
            "sum": 18,
            "outcome": "Lost"
          }
        ]
      }
    ]
  },
  {
    "dealer": {
      "cards": [
        "9D",
        "6H",
        "JH"
      ],
      "sum": 25
    },
    "players": [
      {
        "hands": [
          {
            "hand_id": 1,
            "cards": [
              "KH",
              "4D",
              "KD"
            ],
            "sum": 24,
            "outcome": "Lost"
          }
        ]
      }
    ]
  },
  {
    "dealer": {
      "cards": [
        "JH",
        "8S"
      ],
      "sum": 18
    },
    "players": [
      {
        "hands": [
          {
            "hand_id": 1,
            "cards": [
              "5C",
              "2H",
              "4S",
              "JD"
            ],
            "sum": 21,
            "outcome": "Won"
          }
        ]
      }
    ]
  },
  {
    "dealer": {
      "cards": [
        "XH",
        "8D"
      ],
      "sum": 18
    },
    "players": [
      {
        "hands": [
          {
            "hand_id": 1,
            "cards": [
              "5H",
              "7S",
              "7S"
            ],
            "sum": 19,
            "outcome": "Won"
          }
        ]
      }
    ]
  },
  {
    "dealer": {
      "cards": [
        "3S",
        "8H",
        "XS"
      ],
      "sum": 21
    },
    "players": [
      {
        "hands": [
          {
            "hand_id": 1,
            "cards": [
              "KC",
              "3C",
              "9C"
            ],
            "sum": 22,
            "outcome": "Lost"
          }
        ]
      }
    ]
  },
  {
    "dealer": {
      "cards": [
        "XC",
        "5H",
        "AS",
        "8H"
      ],
      "sum": 24
    },
    "players": [
      {
        "hands": [
          {
            "hand_id": 1,
            "cards": [
              "6D",
              "JS"
            ],
            "sum": 16,
            "outcome": "Won"
          },
          {
            "hand_id": 2,
            "cards": [
              "6C",
              "9S"
            ],
            "sum": 15,
            "outcome": "Won"
          }
        ]
      }
    ]
  },
  {
    "dealer": {
      "cards": [
        "5D",
        "8D",
        "9D"
      ],
      "sum": 22
    },
    "players": [
      {
        "hands": [
          {
            "hand_id": 1,
            "cards": [
              "JC",
              "2D",
              "XD"
            ],
            "sum": 22,
            "outcome": "Lost"
          }
        ]
      }
    ]
  },
  {
    "dealer": {
      "cards": [
        "2C",
        "5D",
        "2S",
        "4C",
        "7C"
      ],
      "sum": 20
    },
    "players": [
      {
        "hands": [
          {
            "hand_id": 1,
            "cards": [
              "AD",
              "JS"
            ],
            "sum": 21,
            "outcome": "Blackjack"
          }
        ]
      }
    ]
  },
  {
    "dealer": {
      "cards": [
        "2S",
        "6D",
        "4H",
        "5D"
      ],
      "sum": 17
    },
    "players": [
      {
        "hands": [
          {
            "hand_id": 1,
            "cards": [
              "2C",
              "6D",
              "KD"
            ],
            "sum": 18,
            "outcome": "Won"
          }
        ]
      }
    ]
  },
  {
    "dealer": {
      "cards": [
        "KS",
        "2H",
        "3D",
        "QD"
      ],
      "sum": 25
    },
    "players": [
      {
        "hands": [
          {
            "hand_id": 1,
            "cards": [
              "KD",
              "7H"
            ],
            "sum": 17,
            "outcome": "Won"
          }
        ]
      }
    ]
  },
  {
    "dealer": {
      "cards": [
        "3S",
        "4S",
        "3D",
        "8S"
      ],
      "sum": 18
    },
    "players": [
      {
        "hands": [
          {
            "hand_id": 1,
            "cards": [
              "3C",
              "7D",
              "6C"
            ],
            "sum": 16,
            "outcome": "Lost"
          }
        ]
      }
    ]
  },
  {
    "dealer": {
      "cards": [
        "QS",
        "6D",
        "4C"
      ],
      "sum": 20
    },
    "players": [
      {
        "hands": [
          {
            "hand_id": 1,
            "cards": [
              "QS",
              "AS"
            ],
            "sum": 21,
            "outcome": "Blackjack"
          }
        ]
      }
    ]
  },
  {
    "dealer": {
      "cards": [
        "QC",
        "2H",
        "QH"
      ],
      "sum": 22
    },
    "players": [
      {
        "hands": [
          {
            "hand_id": 1,
            "cards": [
              "5S",
              "5C",
              "JD"
            ],
            "sum": 20,
            "outcome": "Won"
          }
        ]
      }
    ]
  },
  {
    "dealer": {
      "cards": [
        "9C",
        "4H",
        "9H"
      ],
      "sum": 22
    },
    "players": [
      {
        "hands": [
          {
            "hand_id": 1,
            "cards": [
              "XH",
              "XS"
            ],
            "sum": 20,
            "outcome": "Won"
          }
        ]
      }
    ]
  },
  {
    "dealer": {
      "cards": [
        "KS",
        "KS"
      ],
      "sum": 20
    },
    "players": [
      {
        "hands": [
          {
            "hand_id": 1,
            "cards": [
              "9D",
              "7H",
              "9S"
            ],
            "sum": 25,
            "outcome": "Lost"
          }
        ]
      }
    ]
  },
  {
    "dealer": {
      "cards": [
        "2D",
        "9S",
        "6S"
      ],
      "sum": 17
    },
    "players": [
      {
        "hands": [
          {
            "hand_id": 1,
            "cards": [
              "4D",
              "6S",
              "2D",
              "KH"
            ],
            "sum": 22,
            "outcome": "Lost"
          }
        ]
      }
    ]
  },
  {
    "dealer": {
      "cards": [
        "6S",
        "7C",
        "7C"
      ],
      "sum": 20
    },
    "players": [
      {
        "hands": [
          {
            "hand_id": 1,
            "cards": [
              "QD",
              "QD"
            ],
            "sum": 20,
            "outcome": "Push"
          }
        ]
      }
    ]
  },
  {
    "dealer": {
      "cards": [
        "9H",
        "XC"
      ],
      "sum": 19
    },
    "players": [
      {
        "hands": [
          {
            "hand_id": 1,
            "cards": [
              "XD",
              "7D"
            ],
            "sum": 17,
            "outcome": "Lost"
          }
        ]
      }
    ]
  },
  {
    "dealer": {
      "cards": [
        "7D",
        "AS"
      ],
      "sum": 18
    },
    "players": [
      {
        "hands": [
          {
            "hand_id": 1,
            "cards": [
              "KS",
              "JS"
            ],
            "sum": 20,
            "outcome": "Won"
          }
        ]
      }
    ]
  },
  {
    "dealer": {
      "cards": [
        "JD",
        "3S",
        "8S"
      ],
      "sum": 21
    },
    "players": [
      {
        "hands": [
          {
            "hand_id": 1,
            "cards": [
              "KH",
              "5H",
              "4C"
            ],
            "sum": 19,
            "outcome": "Lost"
          }
        ]
      }
    ]
  },
  {
    "dealer": {
      "cards": [
        "3H",
        "3H",
        "7S",
        "7C"
      ],
      "sum": 20
    },
    "players": [
      {
        "hands": [
          {
            "hand_id": 1,
            "cards": [
              "AH",
              "QD"
            ],
            "sum": 21,
            "outcome": "Blackjack"
          }
        ]
      }
    ]
  },
  {
    "dealer": {
      "cards": [
        "3D",
        "4C",
        "2D",
        "9H"
      ],
      "sum": 18
    },
    "players": [
      {
        "hands": [
          {
            "hand_id": 1,
            "cards": [
              "3H",
              "XH",
              "AH",
              "XD"
            ],
            "sum": 24,
            "outcome": "Lost"
          }
        ]
      }
    ]
  },
  {
    "dealer": {
      "cards": [
        "XD",
        "QH"
      ],
      "sum": 20
    },
    "players": [
      {
        "hands": [
          {
            "hand_id": 1,
            "cards": [
              "KD",
              "JH"
            ],
            "sum": 20,
            "outcome": "Push"
          }
        ]
      }
    ]
  },
  {
    "dealer": {
      "cards": [
        "QC",
        "5H",
        "3S"
      ],
      "sum": 18
    },
    "players": [
      {
        "hands": [
          {
            "hand_id": 1,
            "cards": [
              "QS",
              "8H"
            ],
            "sum": 18,
            "outcome": "Push"
          }
        ]
      }
    ]
  },
  {
    "dealer": {
      "cards": [
        "4C",
        "3D",
        "2C",
        "8D"
      ],
      "sum": 17
    },
    "players": [
      {
        "hands": [
          {
            "hand_id": 1,
            "cards": [
              "3D",
              "9C",
              "7S"
            ],
            "sum": 19,
            "outcome": "Won"
          }
        ]
      }
    ]
  },
  {
    "dealer": {
      "cards": [
        "2C",
        "KC",
        "AH",
        "AC",
        "3S"
      ],
      "sum": 17
    },
    "players": [
      {
        "hands": [
          {
            "hand_id": 1,
            "cards": [
              "KD",
              "3D",
              "2C",
              "AC"
            ],
            "sum": 16,
            "outcome": "Lost"
          }
        ]
      }
    ]
  },
  {
    "dealer": {
      "cards": [
        "JD",
        "2D",
        "2S",
        "XC"
      ],
      "sum": 24
    },
    "players": [
      {
        "hands": [
          {
            "hand_id": 1,
            "cards": [
              "6S",
              "3C",
              "9H"
            ],
            "sum": 18,
            "outcome": "Won"
          }
        ]
      }
    ]
  },
  {
    "dealer": {
      "cards": [
        "8S",
        "XS"
      ],
      "sum": 18
    },
    "players": [
      {
        "hands": [
          {
            "hand_id": 1,
            "cards": [
              "2D",
              "3H",
              "3S",
              "2H",
              "8S"
            ],
            "sum": 18,
            "outcome": "Push"
          }
        ]
      }
    ]
  },
  {
    "dealer": {
      "cards": [
        "8D",
        "JH"
      ],
      "sum": 18
    },
    "players": [
      {
        "hands": [
          {
            "hand_id": 1,
            "cards": [
              "5C",
              "8H",
              "2H",
              "8H"
            ],
            "sum": 23,
            "outcome": "Lost"
          }
        ]
      }
    ]
  },
  {
    "dealer": {
      "cards": [
        "AS",
        "8H"
      ],
      "sum": 19
    },
    "players": [
      {
        "hands": [
          {
            "hand_id": 1,
            "cards": [
              "9H",
              "5S",
              "6C"
            ],
            "sum": 20,
            "outcome": "Won"
          },
          {
            "hand_id": 2,
            "cards": [
              "9D",
              "2H",
              "7S"
            ],
            "sum": 18,
            "outcome": "Lost"
          }
        ]
      }
    ]
  },
  {
    "dealer": {
      "cards": [
        "7S",
        "4D",
        "7H"
      ],
      "sum": 18
    },
    "players": [
      {
        "hands": [
          {
            "hand_id": 1,
            "cards": [
              "4H",
              "7H",
              "6D"
            ],
            "sum": 17,
            "outcome": "Lost"
          }
        ]
      }
    ]
  },
  {
    "dealer": {
      "cards": [
        "2C",
        "7C",
        "2H",
        "KS"
      ],
      "sum": 21
    },
    "players": [
      {
        "hands": [
          {
            "hand_id": 1,
            "cards": [
              "9C",
              "XH"
            ],
            "sum": 19,
            "outcome": "Lost"
          }
        ]
      }
    ]
  },
  {
    "dealer": {
      "cards": [
        "8C",
        "5H",
        "2D",
        "8S"
      ],
      "sum": 23
    },
    "players": [
      {
        "hands": [
          {
            "hand_id": 1,
            "cards": [
              "KS",
              "7C",
              "8H"
            ],
            "sum": 25,
            "outcome": "Lost"
          }
        ]
      }
    ]
  },
  {
    "dealer": {
      "cards": [
        "4H",
        "XC",
        "KS"
      ],
      "sum": 24
    },
    "players": [
      {
        "hands": [
          {
            "hand_id": 1,
            "cards": [
              "7D",
              "8S"
            ],
            "sum": 15,
            "outcome": "Won"
          }
        ]
      }
    ]
  },
  {
    "dealer": {
      "cards": [
        "JS",
        "9D"
      ],
      "sum": 19
    },
    "players": [
      {
        "hands": [
          {
            "hand_id": 1,
            "cards": [
              "QD",
              "3H"
            ],
            "sum": 13,
            "outcome": "Lost"
          }
        ]
      }
    ]
  },
  {
    "dealer": {
      "cards": [
        "6S",
        "3S",
        "AD"
      ],
      "sum": 20
    },
    "players": [
      {
        "hands": [
          {
            "hand_id": 1,
            "cards": [
              "JD",
              "XH"
            ],
            "sum": 20,
            "outcome": "Push"
          }
        ]
      }
    ]
  },
  {
    "dealer": {
      "cards": [
        "6S",
        "6H",
        "AC",
        "5H"
      ],
      "sum": 18
    },
    "players": [
      {
        "hands": [
          {
            "hand_id": 1,
            "cards": [
              "3S",
              "QD"
            ],
            "sum": 13,
            "outcome": "Lost"
          }
        ]
      }
    ]
  },
  {
    "dealer": {
      "cards": [
        "KS",
        "AS"
      ],
      "sum": 21
    },
    "players": [
      {
        "hands": [
          {
            "hand_id": 1,
            "cards": [
              "7C",
              "KS"
            ],
            "sum": 17,
            "outcome": "Lost"
          }
        ]
      }
    ]
  },
  {
    "dealer": {
      "cards": [
        "AS",
        "2S",
        "AC",
        "AS",
        "6C"
      ],
      "sum": 21
    },
    "players": [
      {
        "hands": [
          {
            "hand_id": 1,
            "cards": [
              "5C",
              "QS"
            ],
            "sum": 15,
            "outcome": "Lost"
          }
        ]
      }
    ]
  },
  {
    "dealer": {
      "cards": [
        "XH",
        "XD"
      ],
      "sum": 20
    },
    "players": [
      {
        "hands": [
          {
            "hand_id": 1,
            "cards": [
              "XD",
              "4H"
            ],
            "sum": 14,
            "outcome": "Lost"
          }
        ]
      }
    ]
  },
  {
    "dealer": {
      "cards": [
        "9D",
        "5C",
        "9S"
      ],
      "sum": 23
    },
    "players": [
      {
        "hands": [
          {
            "hand_id": 1,
            "cards": [
              "2D",
              "5D",
              "3D",
              "5D"
            ],
            "sum": 15,
            "outcome": "Won"
          }
        ]
      }
    ]
  },
  {
    "dealer": {
      "cards": [
        "7C",
        "4C",
        "XS"
      ],
      "sum": 21
    },
    "players": [
      {
        "hands": [
          {
            "hand_id": 1,
            "cards": [
              "4D",
              "6S",
              "QH"
            ],
            "sum": 20,
            "outcome": "Lost"
          }
        ]
      }
    ]
  },
  {
    "dealer": {
      "cards": [
        "4S",
        "6D",
        "3D",
        "6C"
      ],
      "sum": 19
    },
    "players": [
      {
        "hands": [
          {
            "hand_id": 1,
            "cards": [
              "AH",
              "9H"
            ],
            "sum": 20,
            "outcome": "Won"
          }
        ]
      }
    ]
  },
  {
    "dealer": {
      "cards": [
        "7S",
        "8C",
        "AH",
        "XS"
      ],
      "sum": 26
    },
    "players": [
      {
        "hands": [
          {
            "hand_id": 1,
            "cards": [
              "AD",
              "XD"
            ],
            "sum": 21,
            "outcome": "Blackjack"
          }
        ]
      }
    ]
  },
  {
    "dealer": {
      "cards": [
        "4S",
        "2H",
        "KC",
        "8D"
      ],
      "sum": 24
    },
    "players": [
      {
        "hands": [
          {
            "hand_id": 1,
            "cards": [
              "4S",
              "AC",
              "JH"
            ],
            "sum": 15,
            "outcome": "Won"
          }
        ]
      }
    ]
  },
  {
    "dealer": {
      "cards": [
        "JC",
        "5D",
        "2D"
      ],
      "sum": 17
    },
    "players": [
      {
        "hands": [
          {
            "hand_id": 1,
            "cards": [
              "XD",
              "3D",
              "6H"
            ],
            "sum": 19,
            "outcome": "Won"
          }
        ]
      }
    ]
  },
  {
    "dealer": {
      "cards": [
        "6C",
        "7D",
        "2C",
        "JC"
      ],
      "sum": 25
    },
    "players": [
      {
        "hands": [
          {
            "hand_id": 1,
            "cards": [
              "JD",
              "QS"
            ],
            "sum": 20,
            "outcome": "Won"
          }
        ]
      }
    ]
  },
  {
    "dealer": {
      "cards": [
        "XS",
        "JD"
      ],
      "sum": 20
    },
    "players": [
      {
        "hands": [
          {
            "hand_id": 1,
            "cards": [
              "QH",
              "5H"
            ],
            "sum": 15,
            "outcome": "Lost"
          }
        ]
      }
    ]
  },
  {
    "dealer": {
      "cards": [
        "5H",
        "4D",
        "6C",
        "5C"
      ],
      "sum": 20
    },
    "players": [
      {
        "hands": [
          {
            "hand_id": 1,
            "cards": [
              "6H",
              "8H"
            ],
            "sum": 14,
            "outcome": "Lost"
          }
        ]
      }
    ]
  }
]