{
  "2": {
    "4": [
      "n",
      -Infinity
    ],
    "5": [
      "h",
      0.5540287439494574
    ],
    "6": [
      "h",
      0.5570378352765468
    ],
    "7": [
      "h",
      0.5696904724055397
    ],
    "8": [
      "h",
      0.6058032944047071
    ],
    "9": [
      "h",
      0.6429451592736045
    ],
    "10": [
      "h",
      0.6881030343348181
    ],
    "11": [
      "h",
      0.7273563927263313
    ],
    "12": [
      "h",
      0.47725899414099143
    ],
    "13": [
      "h",
      0.44254256491115934
    ],
    "14": [
      "h",
      0.4086274666515701
    ],
    "15": [
      "h",
      0.3745446141018319
    ],
    "16": [
      "n",
      0.35376230474840775
    ],
    "17": [
      "n",
      0.411026352773032
    ],
    "18": [
      "n",
      0.5701140237186106
    ],
    "19": [
      "n",
      0.7215500459365538
    ],
    "20": [
      "n",
      0.8646214303504598
    ]
  },
  "3": {
    "4": [
      "n",
      -Infinity
    ],
    "5": [
      "h",
      0.560780256246201
    ],
    "6": [
      "h",
      0.5662477403283764
    ],
    "7": [
      "h",
      0.5790185199921467
    ],
    "8": [
      "h",
      0.6142149978028875
    ],
    "9": [
      "h",
      0.6513429542103758
    ],
    "10": [
      "h",
      0.6943874695347716
    ],
    "11": [
      "h",
      0.7324406634317134
    ],
    "12": [
      "h",
      0.4833806627716458
    ],
    "13": [
      "h",
      0.448161794178355
    ],
    "14": [
      "h",
      0.4134803194785139
    ],
    "15": [
      "h",
      0.37934603979931564
    ],
    "16": [
      "n",
      0.374685160371485
    ],
    "17": [
      "n",
      0.43230632275210906
    ],
    "18": [
      "n",
      0.5851377625642661
    ],
    "19": [
      "n",
      0.7302668088685764
    ],
    "20": [
      "n",
      0.8689533668807724
    ]
  },
  "4": {
    "4": [
      "n",
      -Infinity
    ],
    "5": [
      "h",
      0.5889499926807978
    ],
    "6": [
      "h",
      0.5846012224396029
    ],
    "7": [
      "h",
      0.5967779961743773
    ],
    "8": [
      "h",
      0.6314448544061981
    ],
    "9": [
      "h",
      0.6662467020772016
    ],
    "10": [
      "h",
      0.7072036797098781
    ],
    "11": [
      "h",
      0.7439883570708775
    ],
    "12": [
      "h",
      0.4950162480174936
    ],
    "13": [
      "h",
      0.45921971434857783
    ],
    "14": [
      "h",
      0.4242529881878992
    ],
    "15": [
      "n",
      0.39658694391285604
    ],
    "16": [
      "n",
      0.3966197873920749
    ],
    "17": [
      "n",
      0.4558550966664526
    ],
    "18": [
      "n",
      0.601175102313042
    ],
    "19": [
      "n",
      0.7401304301299794
    ],
    "20": [
      "n",
      0.8731794800578797
    ]
  },
  "5": {
    "4": [
      "n",
      -Infinity
    ],
    "5": [
      "h",
      0.6011139096222462
    ],
    "6": [
      "h",
      0.5965671159068721
    ],
    "7": [
      "h",
      0.6086083842223964
    ],
    "8": [
      "h",
      0.6413348461503351
    ],
    "9": [
      "h",
      0.674885028325052
    ],
    "10": [
      "h",
      0.7150565419907633
    ],
    "11": [
      "h",
      0.749649312286869
    ],
    "12": [
      "h",
      0.5013680761141547
    ],
    "13": [
      "h",
      0.4657191832500649
    ],
    "14": [
      "h",
      0.4300967301432831
    ],
    "15": [
      "n",
      0.41891479344749516
    ],
    "16": [
      "n",
      0.4190873563047719
    ],
    "17": [
      "n",
      0.47619854529875144
    ],
    "18": [
      "n",
      0.6155472192623705
    ],
    "19": [
      "n",
      0.750629014238657
    ],
    "20": [
      "n",
      0.8782481019313239
    ]
  },
  "6": {
    "4": [
      "n",
      -Infinity
    ],
    "5": [
      "h",
      0.6093776149570946
    ],
    "6": [
      "h",
      0.604407432619761
    ],
    "7": [
      "h",
      0.6234329970800728
    ],
    "8": [
      "h",
      0.6574558546972318
    ],
    "9": [
      "h",
      0.6889782609661365
    ],
    "10": [
      "h",
      0.7261077227663418
    ],
    "11": [
      "h",
      0.7586746895283353
    ],
    "12": [
      "h",
      0.5097116235221846
    ],
    "13": [
      "h",
      0.4736937773508827
    ],
    "14": [
      "h",
      0.4383746322523166
    ],
    "15": [
      "n",
      0.42333273435876956
    ],
    "16": [
      "n",
      0.42239069617672276
    ],
    "17": [
      "n",
      0.5062369348368498
    ],
    "18": [
      "n",
      0.6579718794835007
    ],
    "19": [
      "n",
      0.7774828019320484
    ],
    "20": [
      "n",
      0.8913751801215891
    ]
  },
  "7": {
    "4": [
      "n",
      -Infinity
    ],
    "5": [
      "h",
      0.5780233738553074
    ],
    "6": [
      "h",
      0.565811389748164
    ],
    "7": [
      "h",
      0.6024761795472853
    ],
    "8": [
      "h",
      0.657907208108534
    ],
    "9": [
      "h",
      0.6907782369261954
    ],
    "10": [
      "h",
      0.725017815011157
    ],
    "11": [
      "h",
      0.7529576024291595
    ],
    "12": [
      "h",
      0.500448865375944
    ],
    "13": [
      "h",
      0.46486160549373506
    ],
    "14": [
      "h",
      0.4293063031767243
    ],
    "15": [
      "h",
      0.39730636039229156
    ],
    "16": [
      "h",
      0.36414804235430875
    ],
    "17": [
      "n",
      0.41526189391423873
    ],
    "18": [
      "n",
      0.7320317475808271
    ],
    "19": [
      "n",
      0.834835385106425
    ],
    "20": [
      "n",
      0.9193795942342563
    ]
  },
  "8": {
    "4": [
      "h",
      0.5601787495327664
    ],
    "5": [
      "h",
      0.5493059787452924
    ],
    "6": [
      "h",
      0.5357296644665432
    ],
    "7": [
      "h",
      0.5252136998275494
    ],
    "8": [
      "h",
      0.6003208075297345
    ],
    "9": [
      "h",
      0.6578105376670771
    ],
    "10": [
      "h",
      0.694920821173303
    ],
    "11": [
      "h",
      0.7237088107923259
    ],
    "12": [
      "h",
      0.47205018612531124
    ],
    "13": [
      "h",
      0.4378452883057617
    ],
    "14": [
      "h",
      0.40761061153631933
    ],
    "15": [
      "h",
      0.374149157177247
    ],
    "16": [
      "h",
      0.3416050712997757
    ],
    "17": [
      "h",
      0.30867689758994155
    ],
    "18": [
      "n",
      0.5820477978336055
    ],
    "19": [
      "n",
      0.84051896758189
    ],
    "20": [
      "n",
      0.9253910971651234
    ]
  },
  "9": {
    "4": [
      "h",
      0.531916247454785
    ],
    "5": [
      "h",
      0.5191197691843652
    ],
    "6": [
      "h",
      0.5084537440876923
    ],
    "7": [
      "h",
      0.49909116277728444
    ],
    "8": [
      "h",
      0.5365506194056343
    ],
    "9": [
      "h",
      0.6019522914337974
    ],
    "10": [
      "h",
      0.665709440896577
    ],
    "11": [
      "h",
      0.6968912854817206
    ],
    "12": [
      "h",
      0.443119520022311
    ],
    "13": [
      "h",
      0.4140348990852101
    ],
    "14": [
      "h",
      0.3820321270211585
    ],
    "15": [
      "h",
      0.34996679032720596
    ],
    "16": [
      "h",
      0.31843788853826727
    ],
    "17": [
      "h",
      0.2859456930562511
    ],
    "18": [
      "n",
      0.3954641837737155
    ],
    "19": [
      "n",
      0.7198286246850909
    ],
    "20": [
      "n",
      0.9306337660202565
    ]
  },
  "X": {
    "4": [
      "h",
      0.5105916233216812
    ],
    "5": [
      "h",
      0.5009809391861292
    ],
    "6": [
      "h",
      0.4909553815871269
    ],
    "7": [
      "h",
      0.48196189299039705
    ],
    "8": [
      "h",
      0.5161414063080108
    ],
    "9": [
      "h",
      0.5572472232159663
    ],
    "10": [
      "h",
      0.6350062970800139
    ],
    "11": [
      "h",
      0.6803428435835218
    ],
    "12": [
      "h",
      0.42843929893838373
    ],
    "13": [
      "h",
      0.3969627458756722
    ],
    "14": [
      "h",
      0.3658007797174854
    ],
    "15": [
      "h",
      0.33441218389156774
    ],
    "16": [
      "h",
      0.30395464204380196
    ],
    "17": [
      "h",
      0.27225586971349097
    ],
    "18": [
      "n",
      0.39981774844423346
    ],
    "19": [
      "n",
      0.5375194812023781
    ],
    "20": [
      "n",
      0.9400190490342627
    ]
  },
  "A": {
    "4": [
      "h",
      0.5237440692119502
    ],
    "5": [
      "h",
      0.5127235272890523
    ],
    "6": [
      "h",
      0.5030068539376088
    ],
    "7": [
      "h",
      0.4941212450852561
    ],
    "8": [
      "h",
      0.5422391819886395
    ],
    "9": [
      "h",
      0.5932589723238808
    ],
    "10": [
      "h",
      0.6543420200517175
    ],
    "11": [
      "h",
      0.6948379762232221
    ],
    "12": [
      "h",
      0.4405531037011863
    ],
    "13": [
      "h",
      0.4091757782163578
    ],
    "14": [
      "h",
      0.37715802683122013
    ],
    "15": [
      "h",
      0.34507792300338463
    ],
    "16": [
      "h",
      0.3147169570430705
    ],
    "17": [
      "h",
      0.28239224509734384
    ],
    "18": [
      "n",
      0.439095623170899
    ],
    "19": [
      "n",
      0.6726324503179856
    ],
    "20": [
      "n",
      0.9045086103458176
    ]
  }
}